Timestamp,Quantity
2021-01-20 16:00:00,11591
2021-01-20 17:00:00,12305
2021-01-20 18:00:00,11919
2021-01-20 19:00:00,11461
2021-01-20 20:00:00,10751
2021-01-20 21:00:00,10335
2021-01-20 22:00:00,10410
2021-01-20 23:00:00,9955
2021-01-21 00:00:00,9732
2021-01-21 01:00:00,9190
2021-01-21 02:00:00,8986
2021-01-21 03:00:00,8742
2021-01-21 04:00:00,9201
2021-01-21 05:00:00,10182
2021-01-21 06:00:00,11138
2021-01-21 07:00:00,11850
2021-01-21 08:00:00,11919
2021-01-21 09:00:00,11731
2021-01-21 10:00:00,11874
2021-01-21 11:00:00,11910
2021-01-21 12:00:00,11835
2021-01-21 13:00:00,11579
2021-01-21 14:00:00,11796
2021-01-21 15:00:00,11692
2021-01-21 16:00:00,11845
2021-01-21 17:00:00,12602
2021-01-21 18:00:00,12537
2021-01-21 19:00:00,11428
2021-01-21 20:00:00,10518
2021-01-21 21:00:00,10318
2021-01-21 22:00:00,10696
2021-01-21 23:00:00,10216
2021-01-22 00:00:00,9923
2021-01-22 01:00:00,9680
2021-01-22 02:00:00,9434
2021-01-22 03:00:00,9398
2021-01-22 04:00:00,9598
2021-01-22 05:00:00,10585
2021-01-22 06:00:00,11516
2021-01-22 07:00:00,12124
2021-01-22 08:00:00,12289
2021-01-22 09:00:00,12281
2021-01-22 10:00:00,12118
2021-01-22 11:00:00,12045
2021-01-22 12:00:00,11708
2021-01-22 13:00:00,11588
2021-01-22 14:00:00,11260
2021-01-22 15:00:00,11437
2021-01-22 16:00:00,11706
2021-01-22 17:00:00,12276
2021-01-22 18:00:00,11764
2021-01-22 19:00:00,11334
2021-01-22 20:00:00,10563
2021-01-22 21:00:00,10433
2021-01-22 22:00:00,10516
2021-01-22 23:00:00,10021
2021-01-23 00:00:00,9757
2021-01-23 01:00:00,9059
2021-01-23 02:00:00,9173
2021-01-23 03:00:00,8820
2021-01-23 04:00:00,8770
2021-01-23 05:00:00,9064
2021-01-23 06:00:00,9578
2021-01-23 07:00:00,10066
2021-01-23 08:00:00,10500
2021-01-23 09:00:00,10780
2021-01-23 10:00:00,11020
2021-01-23 11:00:00,11290
2021-01-23 12:00:00,11154
2021-01-23 13:00:00,10918
2021-01-23 14:00:00,11174
2021-01-23 15:00:00,10851
2021-01-23 16:00:00,11092
2021-01-23 17:00:00,11681
2021-01-23 18:00:00,11420
2021-01-23 19:00:00,10879
2021-01-23 20:00:00,10231
2021-01-23 21:00:00,10032
2021-01-23 22:00:00,10268
2021-01-23 23:00:00,9977
2021-01-24 00:00:00,9732
2021-01-24 01:00:00,9219
2021-01-24 02:00:00,8987
2021-01-24 03:00:00,9073
2021-01-24 04:00:00,8814
2021-01-24 05:00:00,9339
2021-01-24 06:00:00,9205
2021-01-24 07:00:00,9763
2021-01-24 08:00:00,10180
2021-01-24 09:00:00,10416
2021-01-24 10:00:00,10560
2021-01-24 11:00:00,10926
2021-01-24 12:00:00,10651
2021-01-24 13:00:00,10655
2021-01-24 14:00:00,10278
2021-01-24 15:00:00,10212
2021-01-24 16:00:00,10772
2021-01-24 17:00:00,11343
2021-01-24 18:00:00,11468
2021-01-24 19:00:00,10916
2021-01-24 20:00:00,10713
2021-01-24 21:00:00,10530
2021-01-24 22:00:00,10572
2021-01-24 23:00:00,10180
2021-01-25 00:00:00,9753
2021-01-25 01:00:00,9343
2021-01-25 02:00:00,9171
2021-01-25 03:00:00,9181
2021-01-25 04:00:00,9576
2021-01-25 05:00:00,10541
2021-01-25 06:00:00,11404
2021-01-25 07:00:00,12087
2021-01-25 08:00:00,12543
2021-01-25 09:00:00,12336
2021-01-25 10:00:00,12430
2021-01-25 11:00:00,12206
2021-01-25 12:00:00,11886
2021-01-25 13:00:00,11933
2021-01-25 14:00:00,11588
2021-01-25 15:00:00,11573
2021-01-25 16:00:00,11789
2021-01-25 17:00:00,12826
2021-01-25 18:00:00,12402
2021-01-25 19:00:00,11958
2021-01-25 20:00:00,11233
2021-01-25 21:00:00,10787
2021-01-25 22:00:00,10780
2021-01-25 23:00:00,10305
2021-01-26 00:00:00,9931
2021-01-26 01:00:00,9514
2021-01-26 02:00:00,9310
2021-01-26 03:00:00,9224
2021-01-26 04:00:00,9600
2021-01-26 05:00:00,10559
2021-01-26 06:00:00,11460
2021-01-26 07:00:00,12438
2021-01-26 08:00:00,12424
2021-01-26 09:00:00,12237
2021-01-26 10:00:00,12219
2021-01-26 11:00:00,12150
2021-01-26 12:00:00,11874
2021-01-26 13:00:00,11409
2021-01-26 14:00:00,11276
2021-01-26 15:00:00,11650
2021-01-26 16:00:00,12193
2021-01-26 17:00:00,12981
2021-01-26 18:00:00,12081
2021-01-26 19:00:00,11733
2021-01-26 20:00:00,11001
2021-01-26 21:00:00,10878
2021-01-26 22:00:00,11198
2021-01-26 23:00:00,10651
2021-01-27 00:00:00,10070
2021-01-27 01:00:00,9818
2021-01-27 02:00:00,9628
2021-01-27 03:00:00,9724
2021-01-27 04:00:00,9831
2021-01-27 05:00:00,10707
2021-01-27 06:00:00,11506
2021-01-27 07:00:00,12316
2021-01-27 08:00:00,12409
2021-01-27 09:00:00,12723
2021-01-27 10:00:00,12654
2021-01-27 11:00:00,12629
2021-01-27 12:00:00,12547
2021-01-27 13:00:00,12024
2021-01-27 14:00:00,11944
2021-01-27 15:00:00,11760
2021-01-27 16:00:00,11754
2021-01-27 17:00:00,12331
2021-01-27 18:00:00,12019
2021-01-27 19:00:00,11580
2021-01-27 20:00:00,10927
2021-01-27 21:00:00,10499
2021-01-27 22:00:00,10748
2021-01-27 23:00:00,10330
2021-01-28 00:00:00,9948
2021-01-28 01:00:00,9505
2021-01-28 02:00:00,9328
2021-01-28 03:00:00,9353
2021-01-28 04:00:00,9418
2021-01-28 05:00:00,10253
2021-01-28 06:00:00,11344
2021-01-28 07:00:00,11848
2021-01-28 08:00:00,11984
2021-01-28 09:00:00,12079
2021-01-28 10:00:00,12052
2021-01-28 11:00:00,11824
2021-01-28 12:00:00,11635
2021-01-28 13:00:00,11495
2021-01-28 14:00:00,11425
2021-01-28 15:00:00,11328
2021-01-28 16:00:00,11511
2021-01-28 17:00:00,12222
2021-01-28 18:00:00,11804
2021-01-28 19:00:00,11053
2021-01-28 20:00:00,10445
2021-01-28 21:00:00,10258
2021-01-28 22:00:00,10422
2021-01-28 23:00:00,9872
2021-01-29 00:00:00,9490
2021-01-29 01:00:00,8913
2021-01-29 02:00:00,8989
2021-01-29 03:00:00,8934
2021-01-29 04:00:00,9135
2021-01-29 05:00:00,9793
2021-01-29 06:00:00,10762
2021-01-29 07:00:00,11341
2021-01-29 08:00:00,11404
2021-01-29 09:00:00,11651
2021-01-29 10:00:00,11381
2021-01-29 11:00:00,11303
2021-01-29 12:00:00,11389
2021-01-29 13:00:00,11375
2021-01-29 14:00:00,11501
2021-01-29 15:00:00,11476
2021-01-29 16:00:00,11520
2021-01-29 17:00:00,12022
2021-01-29 18:00:00,11488
2021-01-29 19:00:00,11020
2021-01-29 20:00:00,10388
2021-01-29 21:00:00,10242
2021-01-29 22:00:00,10690
2021-01-29 23:00:00,10257
2021-01-30 00:00:00,9664
2021-01-30 01:00:00,9232
2021-01-30 02:00:00,8870
2021-01-30 03:00:00,8840
2021-01-30 04:00:00,8882
2021-01-30 05:00:00,9285
2021-01-30 06:00:00,9522
2021-01-30 07:00:00,10146
2021-01-30 08:00:00,10804
2021-01-30 09:00:00,11365
2021-01-30 10:00:00,11581
2021-01-30 11:00:00,11863
2021-01-30 12:00:00,11609
2021-01-30 13:00:00,11374
2021-01-30 14:00:00,11261
2021-01-30 15:00:00,11070
2021-01-30 16:00:00,11133
2021-01-30 17:00:00,11810
2021-01-30 18:00:00,11537
2021-01-30 19:00:00,10989
2021-01-30 20:00:00,10491
2021-01-30 21:00:00,10200
2021-01-30 22:00:00,10299
2021-01-30 23:00:00,9969
2021-01-31 00:00:00,9659
2021-01-31 01:00:00,9349
2021-01-31 02:00:00,8953
2021-01-31 03:00:00,8841
2021-01-31 04:00:00,8920
2021-01-31 05:00:00,9058
2021-01-31 06:00:00,9115
2021-01-31 07:00:00,9466
2021-01-31 08:00:00,9917
2021-01-31 09:00:00,10426
2021-01-31 10:00:00,10666
2021-01-31 11:00:00,11006
2021-01-31 12:00:00,10771
2021-01-31 13:00:00,10375
2021-01-31 14:00:00,10338
2021-01-31 15:00:00,10243
2021-01-31 16:00:00,10626
2021-01-31 17:00:00,11474
2021-01-31 18:00:00,11308
2021-01-31 19:00:00,10823
2021-01-31 20:00:00,10359
2021-01-31 21:00:00,10134
2021-01-31 22:00:00,10324
2021-01-31 23:00:00,9907
2021-02-01 00:00:00,9594
2021-02-01 01:00:00,9235
2021-02-01 02:00:00,9139
2021-02-01 03:00:00,8921
2021-02-01 04:00:00,9408
2021-02-01 05:00:00,10332
2021-02-01 06:00:00,11459
2021-02-01 07:00:00,12204
2021-02-01 08:00:00,12393
2021-02-01 09:00:00,12448
2021-02-01 10:00:00,12654
2021-02-01 11:00:00,12488
2021-02-01 12:00:00,12360
2021-02-01 13:00:00,12303
2021-02-01 14:00:00,12175
2021-02-01 15:00:00,12239
2021-02-01 16:00:00,12320
2021-02-01 17:00:00,12912
2021-02-01 18:00:00,12546
2021-02-01 19:00:00,11816
2021-02-01 20:00:00,11072
2021-02-01 21:00:00,10798
2021-02-01 22:00:00,10827
2021-02-01 23:00:00,10394
2021-02-02 00:00:00,9951
2021-02-02 01:00:00,9402
2021-02-02 02:00:00,9315
2021-02-02 03:00:00,9123
2021-02-02 04:00:00,9522
2021-02-02 05:00:00,10382
2021-02-02 06:00:00,11445
2021-02-02 07:00:00,12239
2021-02-02 08:00:00,12509
2021-02-02 09:00:00,12336
2021-02-02 10:00:00,12323
2021-02-02 11:00:00,12373
2021-02-02 12:00:00,12139
2021-02-02 13:00:00,11859
2021-02-02 14:00:00,11869
2021-02-02 15:00:00,11812
2021-02-02 16:00:00,11843
2021-02-02 17:00:00,12439
2021-02-02 18:00:00,12132
2021-02-02 19:00:00,11323
2021-02-02 20:00:00,10865
2021-02-02 21:00:00,10755
2021-02-02 22:00:00,10812
2021-02-02 23:00:00,10104
2021-02-03 00:00:00,9529
2021-02-03 01:00:00,9031
2021-02-03 02:00:00,8925
2021-02-03 03:00:00,8824
2021-02-03 04:00:00,9187
2021-02-03 05:00:00,9877
2021-02-03 06:00:00,10696
2021-02-03 07:00:00,11491
2021-02-03 08:00:00,12063
2021-02-03 09:00:00,12480
2021-02-03 10:00:00,12419
2021-02-03 11:00:00,12594
2021-02-03 12:00:00,12430
2021-02-03 13:00:00,11947
2021-02-03 14:00:00,12004
2021-02-03 15:00:00,11849
2021-02-03 16:00:00,11871
2021-02-03 17:00:00,12636
2021-02-03 18:00:00,12246
2021-02-03 19:00:00,11440
2021-02-03 20:00:00,10840
2021-02-03 21:00:00,10576
2021-02-03 22:00:00,10851
2021-02-03 23:00:00,10135
2021-02-04 00:00:00,9758
2021-02-04 01:00:00,9289
2021-02-04 02:00:00,9183
2021-02-04 03:00:00,9123
2021-02-04 04:00:00,9339
2021-02-04 05:00:00,10335
2021-02-04 06:00:00,11333
2021-02-04 07:00:00,11952
2021-02-04 08:00:00,11900
2021-02-04 09:00:00,11702
2021-02-04 10:00:00,11710
2021-02-04 11:00:00,11539
2021-02-04 12:00:00,11626
2021-02-04 13:00:00,11517
2021-02-04 14:00:00,11647
2021-02-04 15:00:00,11733
2021-02-04 16:00:00,11730
2021-02-04 17:00:00,12510
2021-02-04 18:00:00,12210
2021-02-04 19:00:00,11619
2021-02-04 20:00:00,10895
2021-02-04 21:00:00,10675
2021-02-04 22:00:00,10713
2021-02-04 23:00:00,10398
2021-02-05 00:00:00,9931
2021-02-05 01:00:00,9426
2021-02-05 02:00:00,9250
2021-02-05 03:00:00,9160
2021-02-05 04:00:00,9374
2021-02-05 05:00:00,10239
2021-02-05 06:00:00,11135
2021-02-05 07:00:00,11804
2021-02-05 08:00:00,11951
2021-02-05 09:00:00,11703
2021-02-05 10:00:00,11781
2021-02-05 11:00:00,11567
2021-02-05 12:00:00,11384
2021-02-05 13:00:00,11185
2021-02-05 14:00:00,10940
2021-02-05 15:00:00,10996
2021-02-05 16:00:00,11032
2021-02-05 17:00:00,11661
2021-02-05 18:00:00,11584
2021-02-05 19:00:00,11183
2021-02-05 20:00:00,10510
2021-02-05 21:00:00,10301
2021-02-05 22:00:00,10588
2021-02-05 23:00:00,10090
2021-02-06 00:00:00,9414
2021-02-06 01:00:00,9059
2021-02-06 02:00:00,8776
2021-02-06 03:00:00,8621
2021-02-06 04:00:00,8786
2021-02-06 05:00:00,8899
2021-02-06 06:00:00,9199
2021-02-06 07:00:00,9491
2021-02-06 08:00:00,10077
2021-02-06 09:00:00,10471
2021-02-06 10:00:00,10791
2021-02-06 11:00:00,10916
2021-02-06 12:00:00,10711
2021-02-06 13:00:00,10459
2021-02-06 14:00:00,10365
2021-02-06 15:00:00,10345
2021-02-06 16:00:00,10577
2021-02-06 17:00:00,11205
2021-02-06 18:00:00,11034
2021-02-06 19:00:00,10439
2021-02-06 20:00:00,10219
2021-02-06 21:00:00,10259
2021-02-06 22:00:00,10544
2021-02-06 23:00:00,10369
2021-02-07 00:00:00,10136
2021-02-07 01:00:00,9602
2021-02-07 02:00:00,9341
2021-02-07 03:00:00,9257
2021-02-07 04:00:00,9169
2021-02-07 05:00:00,9376
2021-02-07 06:00:00,9636
2021-02-07 07:00:00,9805
2021-02-07 08:00:00,10464
2021-02-07 09:00:00,11030
2021-02-07 10:00:00,11332
2021-02-07 11:00:00,11731
2021-02-07 12:00:00,11558
2021-02-07 13:00:00,11220
2021-02-07 14:00:00,10925
2021-02-07 15:00:00,10950
2021-02-07 16:00:00,11054
2021-02-07 17:00:00,11895
2021-02-07 18:00:00,11864
2021-02-07 19:00:00,11264
2021-02-07 20:00:00,10775
2021-02-07 21:00:00,10527
2021-02-07 22:00:00,10864
2021-02-07 23:00:00,10532
2021-02-08 00:00:00,10255
2021-02-08 01:00:00,9983
2021-02-08 02:00:00,9721
2021-02-08 03:00:00,9620
2021-02-08 04:00:00,9925
2021-02-08 05:00:00,10866
2021-02-08 06:00:00,11916
2021-02-08 07:00:00,12465
2021-02-08 08:00:00,12971
2021-02-08 09:00:00,13287
2021-02-08 10:00:00,13335
2021-02-08 11:00:00,13456
2021-02-08 12:00:00,13213
2021-02-08 13:00:00,13127
2021-02-08 14:00:00,12976
2021-02-08 15:00:00,12951
2021-02-08 16:00:00,12961
2021-02-08 17:00:00,13503
2021-02-08 18:00:00,13171
2021-02-08 19:00:00,12491
2021-02-08 20:00:00,11865
2021-02-08 21:00:00,11504
2021-02-08 22:00:00,11772
2021-02-08 23:00:00,11328
2021-02-09 00:00:00,10988
2021-02-09 01:00:00,10564
2021-02-09 02:00:00,10256
2021-02-09 03:00:00,10109
2021-02-09 04:00:00,10312
2021-02-09 05:00:00,10985
2021-02-09 06:00:00,12012
2021-02-09 07:00:00,12491
2021-02-09 08:00:00,12936
2021-02-09 09:00:00,12842
2021-02-09 10:00:00,12731
2021-02-09 11:00:00,12636
2021-02-09 12:00:00,12058
2021-02-09 13:00:00,11780
2021-02-09 14:00:00,11727
2021-02-09 15:00:00,11641
2021-02-09 16:00:00,11852
2021-02-09 17:00:00,13027
2021-02-09 18:00:00,13015
2021-02-09 19:00:00,12866
2021-02-09 20:00:00,11950
2021-02-09 21:00:00,11735
2021-02-09 22:00:00,11770
2021-02-09 23:00:00,11353
2021-02-10 00:00:00,11021
2021-02-10 01:00:00,10648
2021-02-10 02:00:00,10394
2021-02-10 03:00:00,10213
2021-02-10 04:00:00,10422
2021-02-10 05:00:00,11043
2021-02-10 06:00:00,11743
2021-02-10 07:00:00,12177
2021-02-10 08:00:00,12609
2021-02-10 09:00:00,12740
2021-02-10 10:00:00,12482
2021-02-10 11:00:00,12491
2021-02-10 12:00:00,12304
2021-02-10 13:00:00,12014
2021-02-10 14:00:00,12031
2021-02-10 15:00:00,12126
2021-02-10 16:00:00,12393
2021-02-10 17:00:00,13060
2021-02-10 18:00:00,13002
2021-02-10 19:00:00,12370
2021-02-10 20:00:00,11631
2021-02-10 21:00:00,11574
2021-02-10 22:00:00,11739
2021-02-10 23:00:00,11435
2021-02-11 00:00:00,11136
2021-02-11 01:00:00,10799
2021-02-11 02:00:00,10485
2021-02-11 03:00:00,10438
2021-02-11 04:00:00,10504
2021-02-11 05:00:00,11310
2021-02-11 06:00:00,11938
2021-02-11 07:00:00,12517
2021-02-11 08:00:00,12633
2021-02-11 09:00:00,12263
2021-02-11 10:00:00,12064
2021-02-11 11:00:00,11786
2021-02-11 12:00:00,11554
2021-02-11 13:00:00,11335
2021-02-11 14:00:00,11357
2021-02-11 15:00:00,11401
2021-02-11 16:00:00,11627
2021-02-11 17:00:00,12527
2021-02-11 18:00:00,12730
2021-02-11 19:00:00,12149
2021-02-11 20:00:00,11431
2021-02-11 21:00:00,11315
2021-02-11 22:00:00,11452
2021-02-11 23:00:00,11097
2021-02-12 00:00:00,10826
2021-02-12 01:00:00,10260
2021-02-12 02:00:00,10070
2021-02-12 03:00:00,9923
2021-02-12 04:00:00,10137
2021-02-12 05:00:00,10750
2021-02-12 06:00:00,11633
2021-02-12 07:00:00,12263
2021-02-12 08:00:00,12336
2021-02-12 09:00:00,12215
2021-02-12 10:00:00,11967
2021-02-12 11:00:00,11685
2021-02-12 12:00:00,11190
2021-02-12 13:00:00,11011
2021-02-12 14:00:00,11065
2021-02-12 15:00:00,11287
2021-02-12 16:00:00,11664
2021-02-12 17:00:00,12344
2021-02-12 18:00:00,12485
2021-02-12 19:00:00,12004
2021-02-12 20:00:00,11374
2021-02-12 21:00:00,11147
2021-02-12 22:00:00,11513
2021-02-12 23:00:00,11078
2021-02-13 00:00:00,10814
2021-02-13 01:00:00,10365
2021-02-13 02:00:00,10077
2021-02-13 03:00:00,9870
2021-02-13 04:00:00,9823
2021-02-13 05:00:00,9887
2021-02-13 06:00:00,10255
2021-02-13 07:00:00,10588
2021-02-13 08:00:00,10946
2021-02-13 09:00:00,11184
2021-02-13 10:00:00,10986
2021-02-13 11:00:00,10850
2021-02-13 12:00:00,10539
2021-02-13 13:00:00,10200
2021-02-13 14:00:00,10092
2021-02-13 15:00:00,10136
2021-02-13 16:00:00,10629
2021-02-13 17:00:00,11580
2021-02-13 18:00:00,11788
2021-02-13 19:00:00,11395
2021-02-13 20:00:00,10837
2021-02-13 21:00:00,10452
2021-02-13 22:00:00,10790
2021-02-13 23:00:00,10476
2021-02-14 00:00:00,10187
2021-02-14 01:00:00,9952
2021-02-14 02:00:00,9503
2021-02-14 03:00:00,9196
2021-02-14 04:00:00,9181
2021-02-14 05:00:00,9529
2021-02-14 06:00:00,9722
2021-02-14 07:00:00,9899
2021-02-14 08:00:00,10301
2021-02-14 09:00:00,10413
2021-02-14 10:00:00,10481
2021-02-14 11:00:00,10409
2021-02-14 12:00:00,10180
2021-02-14 13:00:00,9861
2021-02-14 14:00:00,9763
2021-02-14 15:00:00,9979
2021-02-14 16:00:00,10394
2021-02-14 17:00:00,11124
2021-02-14 18:00:00,11320
2021-02-14 19:00:00,10916
2021-02-14 20:00:00,10308
2021-02-14 21:00:00,10235
2021-02-14 22:00:00,10355
2021-02-14 23:00:00,9726
2021-02-15 00:00:00,9656
2021-02-15 01:00:00,9415
2021-02-15 02:00:00,9108
2021-02-15 03:00:00,9138
2021-02-15 04:00:00,9334
2021-02-15 05:00:00,10169
2021-02-15 06:00:00,11011
2021-02-15 07:00:00,11679
2021-02-15 08:00:00,11943
2021-02-15 09:00:00,12184
2021-02-15 10:00:00,12520
2021-02-15 11:00:00,12454
2021-02-15 12:00:00,12287
2021-02-15 13:00:00,11978
2021-02-15 14:00:00,12073
2021-02-15 15:00:00,11939
2021-02-15 16:00:00,12044
2021-02-15 17:00:00,12333
2021-02-15 18:00:00,12236
2021-02-15 19:00:00,11479
2021-02-15 20:00:00,10903
2021-02-15 21:00:00,10490
2021-02-15 22:00:00,10638
2021-02-15 23:00:00,10349
2021-02-16 00:00:00,10095
2021-02-16 01:00:00,9705
2021-02-16 02:00:00,9330
2021-02-16 03:00:00,9428
2021-02-16 04:00:00,9379
2021-02-16 05:00:00,9980
2021-02-16 06:00:00,10763
2021-02-16 07:00:00,11140
2021-02-16 08:00:00,11321
2021-02-16 09:00:00,11147
2021-02-16 10:00:00,11076
2021-02-16 11:00:00,10937
2021-02-16 12:00:00,11074
2021-02-16 13:00:00,11123
2021-02-16 14:00:00,11157
2021-02-16 15:00:00,11114
2021-02-16 16:00:00,11350
2021-02-16 17:00:00,12055
2021-02-16 18:00:00,11923
2021-02-16 19:00:00,11277
2021-02-16 20:00:00,10416
2021-02-16 21:00:00,10183
2021-02-16 22:00:00,10394
2021-02-16 23:00:00,9901
2021-02-17 00:00:00,9376
2021-02-17 01:00:00,9200
2021-02-17 02:00:00,8958
2021-02-17 03:00:00,8917
2021-02-17 04:00:00,9245
2021-02-17 05:00:00,9931
2021-02-17 06:00:00,10685
2021-02-17 07:00:00,11275
2021-02-17 08:00:00,11640
2021-02-17 09:00:00,11691
2021-02-17 10:00:00,11600
2021-02-17 11:00:00,11460
2021-02-17 12:00:00,11308
2021-02-17 13:00:00,11073
2021-02-17 14:00:00,11064
2021-02-17 15:00:00,11048
2021-02-17 16:00:00,11169
2021-02-17 17:00:00,11758
2021-02-17 18:00:00,11912
2021-02-17 19:00:00,11309
2021-02-17 20:00:00,10489
2021-02-17 21:00:00,10257
2021-02-17 22:00:00,10513
2021-02-17 23:00:00,10010
2021-02-18 00:00:00,9499
2021-02-18 01:00:00,9318
2021-02-18 02:00:00,9053
2021-02-18 03:00:00,9158
2021-02-18 04:00:00,9479
2021-02-18 05:00:00,10126
2021-02-18 06:00:00,10818
2021-02-18 07:00:00,11249
2021-02-18 08:00:00,11601
2021-02-18 09:00:00,11662
2021-02-18 10:00:00,11446
2021-02-18 11:00:00,11541
2021-02-18 12:00:00,11528
2021-02-18 13:00:00,11581
2021-02-18 14:00:00,11480
2021-02-18 15:00:00,11453
2021-02-18 16:00:00,11540
2021-02-18 17:00:00,11896
2021-02-18 18:00:00,11840
2021-02-18 19:00:00,11352
2021-02-18 20:00:00,10562
2021-02-18 21:00:00,10412
2021-02-18 22:00:00,10713
2021-02-18 23:00:00,10073
2021-02-19 00:00:00,9701
2021-02-19 01:00:00,9480
2021-02-19 02:00:00,9010
2021-02-19 03:00:00,9049
2021-02-19 04:00:00,9252
2021-02-19 05:00:00,10046
2021-02-19 06:00:00,10714
2021-02-19 07:00:00,11051
2021-02-19 08:00:00,11377
2021-02-19 09:00:00,11383
2021-02-19 10:00:00,11245
2021-02-19 11:00:00,11236
2021-02-19 12:00:00,11015
2021-02-19 13:00:00,10458
2021-02-19 14:00:00,10634
2021-02-19 15:00:00,10442
2021-02-19 16:00:00,10653
2021-02-19 17:00:00,11335
2021-02-19 18:00:00,11528
2021-02-19 19:00:00,11018
2021-02-19 20:00:00,10416
2021-02-19 21:00:00,10133
2021-02-19 22:00:00,10246
2021-02-19 23:00:00,9444
2021-02-20 00:00:00,8930
2021-02-20 01:00:00,8676
2021-02-20 02:00:00,8471
2021-02-20 03:00:00,8540
2021-02-20 04:00:00,8497
2021-02-20 05:00:00,8705
2021-02-20 06:00:00,9110
2021-02-20 07:00:00,9393
2021-02-20 08:00:00,9719
2021-02-20 09:00:00,9863
2021-02-20 10:00:00,9491
2021-02-20 11:00:00,9566
2021-02-20 12:00:00,9356
2021-02-20 13:00:00,9032
2021-02-20 14:00:00,8960
2021-02-20 15:00:00,8748
2021-02-20 16:00:00,9173
2021-02-20 17:00:00,9928
2021-02-20 18:00:00,10409
2021-02-20 19:00:00,9925
2021-02-20 20:00:00,9438
2021-02-20 21:00:00,9216
2021-02-20 22:00:00,9203
2021-02-20 23:00:00,8707
2021-02-21 00:00:00,8445
2021-02-21 01:00:00,8011
2021-02-21 02:00:00,7904
2021-02-21 03:00:00,7905
2021-02-21 04:00:00,7793
2021-02-21 05:00:00,8137
2021-02-21 06:00:00,8331
2021-02-21 07:00:00,8476
2021-02-21 08:00:00,8994
2021-02-21 09:00:00,9067
2021-02-21 10:00:00,8942
2021-02-21 11:00:00,9030
2021-02-21 12:00:00,8630
2021-02-21 13:00:00,8291
2021-02-21 14:00:00,8190
2021-02-21 15:00:00,8117
2021-02-21 16:00:00,8671
2021-02-21 17:00:00,9707
2021-02-21 18:00:00,10355
2021-02-21 19:00:00,10007
2021-02-21 20:00:00,9315
2021-02-21 21:00:00,8931
2021-02-21 22:00:00,8979
2021-02-21 23:00:00,8577
2021-02-22 00:00:00,8096
2021-02-22 01:00:00,7623
2021-02-22 02:00:00,7577
2021-02-22 03:00:00,7657
2021-02-22 04:00:00,8016
2021-02-22 05:00:00,9151
2021-02-22 06:00:00,10219
2021-02-22 07:00:00,10673
2021-02-22 08:00:00,11131
2021-02-22 09:00:00,11093
2021-02-22 10:00:00,10982
2021-02-22 11:00:00,10906
2021-02-22 12:00:00,10701
2021-02-22 13:00:00,10635
2021-02-22 14:00:00,10482
2021-02-22 15:00:00,10530
2021-02-22 16:00:00,10692
2021-02-22 17:00:00,11207
2021-02-22 18:00:00,11512
2021-02-22 19:00:00,10653
2021-02-22 20:00:00,9961
2021-02-22 21:00:00,9578
2021-02-22 22:00:00,9606
2021-02-22 23:00:00,9243
2021-02-23 00:00:00,8626
2021-02-23 01:00:00,8363
2021-02-23 02:00:00,8201
2021-02-23 03:00:00,8339
2021-02-23 04:00:00,8601
2021-02-23 05:00:00,9250
2021-02-23 06:00:00,10303
2021-02-23 07:00:00,10759
2021-02-23 08:00:00,11130
2021-02-23 09:00:00,10979
2021-02-23 10:00:00,10576
2021-02-23 11:00:00,10258
2021-02-23 12:00:00,10021
2021-02-23 13:00:00,9884
2021-02-23 14:00:00,9837
2021-02-23 15:00:00,9852
2021-02-23 16:00:00,10119
2021-02-23 17:00:00,10703
2021-02-23 18:00:00,11196
2021-02-23 19:00:00,10525
2021-02-23 20:00:00,9781
2021-02-23 21:00:00,9434
2021-02-23 22:00:00,9403
2021-02-23 23:00:00,8919
2021-02-24 00:00:00,8597
2021-02-24 01:00:00,8209
2021-02-24 02:00:00,8098
2021-02-24 03:00:00,8108
2021-02-24 04:00:00,8531
2021-02-24 05:00:00,9367
2021-02-24 06:00:00,10369
2021-02-24 07:00:00,10568
2021-02-24 08:00:00,10601
2021-02-24 09:00:00,10402
2021-02-24 10:00:00,10207
2021-02-24 11:00:00,10043
2021-02-24 12:00:00,9776
2021-02-24 13:00:00,9491
2021-02-24 14:00:00,9531
2021-02-24 15:00:00,9627
2021-02-24 16:00:00,10005
2021-02-24 17:00:00,10678
2021-02-24 18:00:00,11304
2021-02-24 19:00:00,10817
2021-02-24 20:00:00,9956
2021-02-24 21:00:00,9578
2021-02-24 22:00:00,9591
2021-02-24 23:00:00,9045
2021-02-25 00:00:00,8632
2021-02-25 01:00:00,8328
2021-02-25 02:00:00,8080
2021-02-25 03:00:00,7977
2021-02-25 04:00:00,8324
2021-02-25 05:00:00,9285
2021-02-25 06:00:00,10315
2021-02-25 07:00:00,10472
2021-02-25 08:00:00,10680
2021-02-25 09:00:00,10528
2021-02-25 10:00:00,10397
2021-02-25 11:00:00,10459
2021-02-25 12:00:00,10294
2021-02-25 13:00:00,10170
2021-02-25 14:00:00,10246
2021-02-25 15:00:00,10355
2021-02-25 16:00:00,10584
2021-02-25 17:00:00,11142
2021-02-25 18:00:00,11328
2021-02-25 19:00:00,10654
2021-02-25 20:00:00,10144
2021-02-25 21:00:00,9766
2021-02-25 22:00:00,9786
2021-02-25 23:00:00,9183
2021-02-26 00:00:00,8684
2021-02-26 01:00:00,8447
2021-02-26 02:00:00,8354
2021-02-26 03:00:00,8521
2021-02-26 04:00:00,9022
2021-02-26 05:00:00,9840
2021-02-26 06:00:00,10815
2021-02-26 07:00:00,10917
2021-02-26 08:00:00,10968
2021-02-26 09:00:00,10893
2021-02-26 10:00:00,10558
2021-02-26 11:00:00,10592
2021-02-26 12:00:00,10295
2021-02-26 13:00:00,9858
2021-02-26 14:00:00,9861
2021-02-26 15:00:00,9753
2021-02-26 16:00:00,9936
2021-02-26 17:00:00,10555
2021-02-26 18:00:00,11196
2021-02-26 19:00:00,10796
2021-02-26 20:00:00,10237
2021-02-26 21:00:00,9885
2021-02-26 22:00:00,10114
2021-02-26 23:00:00,9353
2021-02-27 00:00:00,8864
2021-02-27 01:00:00,8607
2021-02-27 02:00:00,8427
2021-02-27 03:00:00,8421
2021-02-27 04:00:00,8534
2021-02-27 05:00:00,8858
2021-02-27 06:00:00,9214
2021-02-27 07:00:00,9591
2021-02-27 08:00:00,10165
2021-02-27 09:00:00,10401
2021-02-27 10:00:00,10450
2021-02-27 11:00:00,10444
2021-02-27 12:00:00,10074
2021-02-27 13:00:00,9491
2021-02-27 14:00:00,9367
2021-02-27 15:00:00,9340
2021-02-27 16:00:00,9610
2021-02-27 17:00:00,10294
2021-02-27 18:00:00,11024
2021-02-27 19:00:00,10404
2021-02-27 20:00:00,9629
2021-02-27 21:00:00,9347
2021-02-27 22:00:00,9559
2021-02-27 23:00:00,9066
2021-02-28 00:00:00,8600
2021-02-28 01:00:00,8402
2021-02-28 02:00:00,8215
2021-02-28 03:00:00,8100
2021-02-28 04:00:00,8128
2021-02-28 05:00:00,8290
2021-02-28 06:00:00,8486
2021-02-28 07:00:00,8520
2021-02-28 08:00:00,8815
2021-02-28 09:00:00,9018
2021-02-28 10:00:00,8838
2021-02-28 11:00:00,8983
2021-02-28 12:00:00,8714
2021-02-28 13:00:00,8259
2021-02-28 14:00:00,8188
2021-02-28 15:00:00,8268
2021-02-28 16:00:00,8675
2021-02-28 17:00:00,9652
2021-02-28 18:00:00,10425
2021-02-28 19:00:00,10049
2021-02-28 20:00:00,9559
2021-02-28 21:00:00,9401
2021-02-28 22:00:00,9500
2021-02-28 23:00:00,8911
2021-03-01 00:00:00,8574
2021-03-01 01:00:00,8320
2021-03-01 02:00:00,8156
2021-03-01 03:00:00,8338
2021-03-01 04:00:00,8788
2021-03-01 05:00:00,9781
2021-03-01 06:00:00,10975
2021-03-01 07:00:00,11306
2021-03-01 08:00:00,11515
2021-03-01 09:00:00,11409
2021-03-01 10:00:00,11186
2021-03-01 11:00:00,10820
2021-03-01 12:00:00,10558
2021-03-01 13:00:00,10323
2021-03-01 14:00:00,10295
2021-03-01 15:00:00,10313
2021-03-01 16:00:00,10442
2021-03-01 17:00:00,11192
2021-03-01 18:00:00,11699
2021-03-01 19:00:00,11051
2021-03-01 20:00:00,10443
2021-03-01 21:00:00,10061
2021-03-01 22:00:00,10197
2021-03-01 23:00:00,9477
2021-03-02 00:00:00,9054
2021-03-02 01:00:00,8786
2021-03-02 02:00:00,8682
2021-03-02 03:00:00,8736
2021-03-02 04:00:00,9143
2021-03-02 05:00:00,10054
2021-03-02 06:00:00,10997
2021-03-02 07:00:00,11180
2021-03-02 08:00:00,11275
2021-03-02 09:00:00,11099
2021-03-02 10:00:00,10879
2021-03-02 11:00:00,10578
2021-03-02 12:00:00,10378
2021-03-02 13:00:00,10133
2021-03-02 14:00:00,10100
2021-03-02 15:00:00,10140
2021-03-02 16:00:00,10273
2021-03-02 17:00:00,11049
2021-03-02 18:00:00,11633
2021-03-02 19:00:00,11067
2021-03-02 20:00:00,10417
2021-03-02 21:00:00,10042
2021-03-02 22:00:00,10042
2021-03-02 23:00:00,9579
2021-03-03 00:00:00,9124
2021-03-03 01:00:00,8733
2021-03-03 02:00:00,8455
2021-03-03 03:00:00,8538
2021-03-03 04:00:00,8867
2021-03-03 05:00:00,9706
2021-03-03 06:00:00,10726
2021-03-03 07:00:00,10998
2021-03-03 08:00:00,11127
2021-03-03 09:00:00,10963
2021-03-03 10:00:00,10739
2021-03-03 11:00:00,10572
2021-03-03 12:00:00,10438
2021-03-03 13:00:00,10230
2021-03-03 14:00:00,10161
2021-03-03 15:00:00,10242
2021-03-03 16:00:00,10537
2021-03-03 17:00:00,10781
2021-03-03 18:00:00,11347
2021-03-03 19:00:00,10961
2021-03-03 20:00:00,10338
2021-03-03 21:00:00,10077
2021-03-03 22:00:00,10146
2021-03-03 23:00:00,9564
2021-03-04 00:00:00,9171
2021-03-04 01:00:00,8787
2021-03-04 02:00:00,8616
2021-03-04 03:00:00,8526
2021-03-04 04:00:00,8867
2021-03-04 05:00:00,9748
2021-03-04 06:00:00,10783
2021-03-04 07:00:00,11192
2021-03-04 08:00:00,11600
2021-03-04 09:00:00,11739
2021-03-04 10:00:00,11916
2021-03-04 11:00:00,12031
2021-03-04 12:00:00,11900
2021-03-04 13:00:00,11536
2021-03-04 14:00:00,11589
2021-03-04 15:00:00,11439
2021-03-04 16:00:00,11470
2021-03-04 17:00:00,11632
2021-03-04 18:00:00,11555
2021-03-04 19:00:00,11058
2021-03-04 20:00:00,10567
2021-03-04 21:00:00,10183
2021-03-04 22:00:00,10405
2021-03-04 23:00:00,9844
2021-03-05 00:00:00,9389
2021-03-05 01:00:00,9165
2021-03-05 02:00:00,8969
2021-03-05 03:00:00,8913
2021-03-05 04:00:00,8967
2021-03-05 05:00:00,9753
2021-03-05 06:00:00,10805
2021-03-05 07:00:00,10956
2021-03-05 08:00:00,11110
2021-03-05 09:00:00,10974
2021-03-05 10:00:00,10845
2021-03-05 11:00:00,10561
2021-03-05 12:00:00,10404
2021-03-05 13:00:00,10059
2021-03-05 14:00:00,9909
2021-03-05 15:00:00,9875
2021-03-05 16:00:00,10148
2021-03-05 17:00:00,10754
2021-03-05 18:00:00,11406
2021-03-05 19:00:00,10913
2021-03-05 20:00:00,10309
2021-03-05 21:00:00,10035
2021-03-05 22:00:00,10418
2021-03-05 23:00:00,9770
2021-03-06 00:00:00,9199
2021-03-06 01:00:00,8818
2021-03-06 02:00:00,8672
2021-03-06 03:00:00,8621
2021-03-06 04:00:00,8610
2021-03-06 05:00:00,8910
2021-03-06 06:00:00,9320
2021-03-06 07:00:00,9507
2021-03-06 08:00:00,9841
2021-03-06 09:00:00,9896
2021-03-06 10:00:00,9633
2021-03-06 11:00:00,9603
2021-03-06 12:00:00,9167
2021-03-06 13:00:00,8928
2021-03-06 14:00:00,8715
2021-03-06 15:00:00,8805
2021-03-06 16:00:00,9049
2021-03-06 17:00:00,9911
2021-03-06 18:00:00,10723
2021-03-06 19:00:00,10161
2021-03-06 20:00:00,9679
2021-03-06 21:00:00,9378
2021-03-06 22:00:00,9750
2021-03-06 23:00:00,9291
2021-03-07 00:00:00,8835
2021-03-07 01:00:00,8431
2021-03-07 02:00:00,8326
2021-03-07 03:00:00,8200
2021-03-07 04:00:00,8186
2021-03-07 05:00:00,8442
2021-03-07 06:00:00,8567
2021-03-07 07:00:00,8783
2021-03-07 08:00:00,9121
2021-03-07 09:00:00,9194
2021-03-07 10:00:00,9057
2021-03-07 11:00:00,9272
2021-03-07 12:00:00,8795
2021-03-07 13:00:00,8625
2021-03-07 14:00:00,8579
2021-03-07 15:00:00,8684
2021-03-07 16:00:00,8881
2021-03-07 17:00:00,9778
2021-03-07 18:00:00,10413
2021-03-07 19:00:00,10117
2021-03-07 20:00:00,9779
2021-03-07 21:00:00,9447
2021-03-07 22:00:00,9611
2021-03-07 23:00:00,9112
2021-03-08 00:00:00,8666
2021-03-08 01:00:00,8374
2021-03-08 02:00:00,8276
2021-03-08 03:00:00,8319
2021-03-08 04:00:00,8726
2021-03-08 05:00:00,9723
2021-03-08 06:00:00,10665
2021-03-08 07:00:00,11149
2021-03-08 08:00:00,11270
2021-03-08 09:00:00,10877
2021-03-08 10:00:00,10572
2021-03-08 11:00:00,10123
2021-03-08 12:00:00,10342
2021-03-08 13:00:00,10140
2021-03-08 14:00:00,10203
2021-03-08 15:00:00,10122
2021-03-08 16:00:00,10507
2021-03-08 17:00:00,11098
2021-03-08 18:00:00,11483
2021-03-08 19:00:00,10972
2021-03-08 20:00:00,10292
2021-03-08 21:00:00,9844
2021-03-08 22:00:00,9997
2021-03-08 23:00:00,9367
2021-03-09 00:00:00,8821
2021-03-09 01:00:00,8533
2021-03-09 02:00:00,8309
2021-03-09 03:00:00,8318
2021-03-09 04:00:00,8703
2021-03-09 05:00:00,9512
2021-03-09 06:00:00,10405
2021-03-09 07:00:00,11006
2021-03-09 08:00:00,11375
2021-03-09 09:00:00,11438
2021-03-09 10:00:00,11330
2021-03-09 11:00:00,11572
2021-03-09 12:00:00,11483
2021-03-09 13:00:00,11238
2021-03-09 14:00:00,11103
2021-03-09 15:00:00,11228
2021-03-09 16:00:00,11104
2021-03-09 17:00:00,11378
2021-03-09 18:00:00,11704
2021-03-09 19:00:00,11092
2021-03-09 20:00:00,10410
2021-03-09 21:00:00,10081
2021-03-09 22:00:00,10198
2021-03-09 23:00:00,9540
2021-03-10 00:00:00,9121
2021-03-10 01:00:00,8794
2021-03-10 02:00:00,8597
2021-03-10 03:00:00,8588
2021-03-10 04:00:00,8829
2021-03-10 05:00:00,9631
2021-03-10 06:00:00,10505
2021-03-10 07:00:00,11097
2021-03-10 08:00:00,11335
2021-03-10 09:00:00,11212
2021-03-10 10:00:00,10894
2021-03-10 11:00:00,10736
2021-03-10 12:00:00,10261
2021-03-10 13:00:00,10701
2021-03-10 14:00:00,10878
2021-03-10 15:00:00,10823
2021-03-10 16:00:00,10932
2021-03-10 17:00:00,11340
2021-03-10 18:00:00,11516
2021-03-10 19:00:00,10913
2021-03-10 20:00:00,10260
2021-03-10 21:00:00,9811
2021-03-10 22:00:00,9942
2021-03-10 23:00:00,9311
2021-03-11 00:00:00,8846
2021-03-11 01:00:00,8517
2021-03-11 02:00:00,8366
2021-03-11 03:00:00,8405
2021-03-11 04:00:00,8702
2021-03-11 05:00:00,9457
2021-03-11 06:00:00,10391
2021-03-11 07:00:00,10816
2021-03-11 08:00:00,11097
2021-03-11 09:00:00,10924
2021-03-11 10:00:00,10851
2021-03-11 11:00:00,10694
2021-03-11 12:00:00,10732
2021-03-11 13:00:00,10439
2021-03-11 14:00:00,10289
2021-03-11 15:00:00,10177
2021-03-11 16:00:00,10479
2021-03-11 17:00:00,10893
2021-03-11 18:00:00,11319
2021-03-11 19:00:00,10762
2021-03-11 20:00:00,10078
2021-03-11 21:00:00,9680
2021-03-11 22:00:00,9824
2021-03-11 23:00:00,9214
2021-03-12 00:00:00,8759
2021-03-12 01:00:00,8413
2021-03-12 02:00:00,8399
2021-03-12 03:00:00,8455
2021-03-12 04:00:00,8690
2021-03-12 05:00:00,9455
2021-03-12 06:00:00,10304
2021-03-12 07:00:00,10826
2021-03-12 08:00:00,11116
2021-03-12 09:00:00,11033
2021-03-12 10:00:00,11084
2021-03-12 11:00:00,11060
2021-03-12 12:00:00,10967
2021-03-12 13:00:00,11029
2021-03-12 14:00:00,10813
2021-03-12 15:00:00,10622
2021-03-12 16:00:00,10401
2021-03-12 17:00:00,10663
2021-03-12 18:00:00,11208
2021-03-12 19:00:00,10640
2021-03-12 20:00:00,10021
2021-03-12 21:00:00,9765
2021-03-12 22:00:00,9989
2021-03-12 23:00:00,9292
2021-03-13 00:00:00,9043
2021-03-13 01:00:00,8562
2021-03-13 02:00:00,8239
2021-03-13 03:00:00,8201
2021-03-13 04:00:00,8191
2021-03-13 05:00:00,8584
2021-03-13 06:00:00,8648
2021-03-13 07:00:00,9128
2021-03-13 08:00:00,9580
2021-03-13 09:00:00,9791
2021-03-13 10:00:00,9937
2021-03-13 11:00:00,10069
2021-03-13 12:00:00,9824
2021-03-13 13:00:00,9587
2021-03-13 14:00:00,9380
2021-03-13 15:00:00,9245
2021-03-13 16:00:00,9572
2021-03-13 17:00:00,9810
2021-03-13 18:00:00,10405
2021-03-13 19:00:00,10238
2021-03-13 20:00:00,9792
2021-03-13 21:00:00,9707
2021-03-13 22:00:00,9446
2021-03-13 23:00:00,8941
2021-03-14 00:00:00,8755
2021-03-14 01:00:00,8186
2021-03-14 02:00:00,8227
2021-03-14 03:00:00,8191
2021-03-14 04:00:00,8202
2021-03-14 05:00:00,8290
2021-03-14 06:00:00,8278
2021-03-14 07:00:00,8832
2021-03-14 08:00:00,9446
2021-03-14 09:00:00,9657
2021-03-14 10:00:00,9493
2021-03-14 11:00:00,9992
2021-03-14 12:00:00,9380
2021-03-14 13:00:00,8950
2021-03-14 14:00:00,8721
2021-03-14 15:00:00,8813
2021-03-14 16:00:00,9124
2021-03-14 17:00:00,9558
2021-03-14 18:00:00,10245
2021-03-14 19:00:00,10155
2021-03-14 20:00:00,9616
2021-03-14 21:00:00,9223
2021-03-14 22:00:00,9438
2021-03-14 23:00:00,8886
2021-03-15 00:00:00,8393
2021-03-15 01:00:00,8044
2021-03-15 02:00:00,7811
2021-03-15 03:00:00,7966
2021-03-15 04:00:00,8557
2021-03-15 05:00:00,9347
2021-03-15 06:00:00,10357
2021-03-15 07:00:00,10894
2021-03-15 08:00:00,11095
2021-03-15 09:00:00,10759
2021-03-15 10:00:00,10629
2021-03-15 11:00:00,10571
2021-03-15 12:00:00,10591
2021-03-15 13:00:00,10537
2021-03-15 14:00:00,10476
2021-03-15 15:00:00,10491
2021-03-15 16:00:00,10616
2021-03-15 17:00:00,11030
2021-03-15 18:00:00,11309
2021-03-15 19:00:00,10797
2021-03-15 20:00:00,10307
2021-03-15 21:00:00,9997
2021-03-15 22:00:00,10142
2021-03-15 23:00:00,9526
2021-03-16 00:00:00,9139
2021-03-16 01:00:00,8766
2021-03-16 02:00:00,8699
2021-03-16 03:00:00,8670
2021-03-16 04:00:00,9029
2021-03-16 05:00:00,9866
2021-03-16 06:00:00,10568
2021-03-16 07:00:00,11202
2021-03-16 08:00:00,11637
2021-03-16 09:00:00,11619
2021-03-16 10:00:00,11693
2021-03-16 11:00:00,11793
2021-03-16 12:00:00,11757
2021-03-16 13:00:00,11599
2021-03-16 14:00:00,11656
2021-03-16 15:00:00,11594
2021-03-16 16:00:00,11575
2021-03-16 17:00:00,11799
2021-03-16 18:00:00,11846
2021-03-16 19:00:00,11247
2021-03-16 20:00:00,10273
2021-03-16 21:00:00,9985
2021-03-16 22:00:00,10087
2021-03-16 23:00:00,9609
2021-03-17 00:00:00,9091
2021-03-17 01:00:00,8793
2021-03-17 02:00:00,8702
2021-03-17 03:00:00,8933
2021-03-17 04:00:00,9166
2021-03-17 05:00:00,9854
2021-03-17 06:00:00,10553
2021-03-17 07:00:00,11160
2021-03-17 08:00:00,11348
2021-03-17 09:00:00,11537
2021-03-17 10:00:00,11586
2021-03-17 11:00:00,11596
2021-03-17 12:00:00,11649
2021-03-17 13:00:00,11353
2021-03-17 14:00:00,11300
2021-03-17 15:00:00,11057
2021-03-17 16:00:00,11093
2021-03-17 17:00:00,11205
2021-03-17 18:00:00,11747
2021-03-17 19:00:00,11364
2021-03-17 20:00:00,10558
2021-03-17 21:00:00,10190
2021-03-17 22:00:00,10269
2021-03-17 23:00:00,9742
2021-03-18 00:00:00,9318
2021-03-18 01:00:00,9153
2021-03-18 02:00:00,8905
2021-03-18 03:00:00,9083
2021-03-18 04:00:00,9279
2021-03-18 05:00:00,10144
2021-03-18 06:00:00,10854
2021-03-18 07:00:00,11381
2021-03-18 08:00:00,11677
2021-03-18 09:00:00,11687
2021-03-18 10:00:00,11612
2021-03-18 11:00:00,11628
2021-03-18 12:00:00,11446
2021-03-18 13:00:00,11233
2021-03-18 14:00:00,11150
2021-03-18 15:00:00,11174
2021-03-18 16:00:00,11212
2021-03-18 17:00:00,11551
2021-03-18 18:00:00,11749
2021-03-18 19:00:00,11236
2021-03-18 20:00:00,10513
2021-03-18 21:00:00,10179
2021-03-18 22:00:00,10311
2021-03-18 23:00:00,9592
2021-03-19 00:00:00,9169
2021-03-19 01:00:00,8902
2021-03-19 02:00:00,8857
2021-03-19 03:00:00,8936
2021-03-19 04:00:00,9224
2021-03-19 05:00:00,10057
2021-03-19 06:00:00,10763
2021-03-19 07:00:00,11064
2021-03-19 08:00:00,11377
2021-03-19 09:00:00,10834
2021-03-19 10:00:00,10604
2021-03-19 11:00:00,10537
2021-03-19 12:00:00,10406
2021-03-19 13:00:00,10149
2021-03-19 14:00:00,10133
2021-03-19 15:00:00,10044
2021-03-19 16:00:00,10070
2021-03-19 17:00:00,10523
2021-03-19 18:00:00,10939
2021-03-19 19:00:00,10792
2021-03-19 20:00:00,10237
2021-03-19 21:00:00,9781
2021-03-19 22:00:00,9957
2021-03-19 23:00:00,9533
2021-03-20 00:00:00,9088
2021-03-20 01:00:00,8821
2021-03-20 02:00:00,8590
2021-03-20 03:00:00,8473
2021-03-20 04:00:00,8640
2021-03-20 05:00:00,8810
2021-03-20 06:00:00,8928
2021-03-20 07:00:00,9276
2021-03-20 08:00:00,9689
2021-03-20 09:00:00,9781
2021-03-20 10:00:00,9662
2021-03-20 11:00:00,9566
2021-03-20 12:00:00,9134
2021-03-20 13:00:00,8893
2021-03-20 14:00:00,8705
2021-03-20 15:00:00,8762
2021-03-20 16:00:00,9024
2021-03-20 17:00:00,9689
2021-03-20 18:00:00,10424
2021-03-20 19:00:00,10237
2021-03-20 20:00:00,9710
2021-03-20 21:00:00,9379
2021-03-20 22:00:00,9511
2021-03-20 23:00:00,9254
2021-03-21 00:00:00,8685
2021-03-21 01:00:00,8339
2021-03-21 02:00:00,8081
2021-03-21 03:00:00,8004
2021-03-21 04:00:00,8167
2021-03-21 05:00:00,8318
2021-03-21 06:00:00,8098
2021-03-21 07:00:00,8419
2021-03-21 08:00:00,8968
2021-03-21 09:00:00,9362
2021-03-21 10:00:00,9405
2021-03-21 11:00:00,9702
2021-03-21 12:00:00,9540
2021-03-21 13:00:00,9380
2021-03-21 14:00:00,9090
2021-03-21 15:00:00,8933
2021-03-21 16:00:00,9280
2021-03-21 17:00:00,9723
2021-03-21 18:00:00,10297
2021-03-21 19:00:00,9954
2021-03-21 20:00:00,9592
2021-03-21 21:00:00,9272
2021-03-21 22:00:00,9311
2021-03-21 23:00:00,8960
2021-03-22 00:00:00,8580
2021-03-22 01:00:00,8327
2021-03-22 02:00:00,8135
2021-03-22 03:00:00,8126
2021-03-22 04:00:00,8523
2021-03-22 05:00:00,9503
2021-03-22 06:00:00,10302
2021-03-22 07:00:00,10928
2021-03-22 08:00:00,11304
2021-03-22 09:00:00,11436
2021-03-22 10:00:00,11379
2021-03-22 11:00:00,11461
2021-03-22 12:00:00,11329
2021-03-22 13:00:00,11011
2021-03-22 14:00:00,11005
2021-03-22 15:00:00,10830
2021-03-22 16:00:00,10905
2021-03-22 17:00:00,11127
2021-03-22 18:00:00,11401
2021-03-22 19:00:00,11082
2021-03-22 20:00:00,10386
2021-03-22 21:00:00,9964
2021-03-22 22:00:00,10092
2021-03-22 23:00:00,9587
2021-03-23 00:00:00,8925
2021-03-23 01:00:00,8590
2021-03-23 02:00:00,8388
2021-03-23 03:00:00,8475
2021-03-23 04:00:00,8975
2021-03-23 05:00:00,9640
2021-03-23 06:00:00,10454
2021-03-23 07:00:00,10799
2021-03-23 08:00:00,10950
2021-03-23 09:00:00,10745
2021-03-23 10:00:00,10668
2021-03-23 11:00:00,10560
2021-03-23 12:00:00,10315
2021-03-23 13:00:00,10129
2021-03-23 14:00:00,9933
2021-03-23 15:00:00,9892
2021-03-23 16:00:00,10001
2021-03-23 17:00:00,10419
2021-03-23 18:00:00,10950
2021-03-23 19:00:00,10929
2021-03-23 20:00:00,10364
2021-03-23 21:00:00,9964
2021-03-23 22:00:00,10084
2021-03-23 23:00:00,9523
2021-03-24 00:00:00,8864
2021-03-24 01:00:00,8725
2021-03-24 02:00:00,8341
2021-03-24 03:00:00,8601
2021-03-24 04:00:00,9080
2021-03-24 05:00:00,9827
2021-03-24 06:00:00,10475
2021-03-24 07:00:00,10691
2021-03-24 08:00:00,10674
2021-03-24 09:00:00,10505
2021-03-24 10:00:00,10232
2021-03-24 11:00:00,10108
2021-03-24 12:00:00,9920
2021-03-24 13:00:00,9660
2021-03-24 14:00:00,9705
2021-03-24 15:00:00,9759
2021-03-24 16:00:00,9888
2021-03-24 17:00:00,10470
2021-03-24 18:00:00,10772
2021-03-24 19:00:00,10807
2021-03-24 20:00:00,10196
2021-03-24 21:00:00,9941
2021-03-24 22:00:00,9942
2021-03-24 23:00:00,9370
2021-03-25 00:00:00,8825
2021-03-25 01:00:00,8341
2021-03-25 02:00:00,8383
2021-03-25 03:00:00,8261
2021-03-25 04:00:00,8505
2021-03-25 05:00:00,9574
2021-03-25 06:00:00,10149
2021-03-25 07:00:00,10620
2021-03-25 08:00:00,10770
2021-03-25 09:00:00,10631
2021-03-25 10:00:00,10720
2021-03-25 11:00:00,10816
2021-03-25 12:00:00,10600
2021-03-25 13:00:00,10358
2021-03-25 14:00:00,10159
2021-03-25 15:00:00,10181
2021-03-25 16:00:00,10147
2021-03-25 17:00:00,10428
2021-03-25 18:00:00,10692
2021-03-25 19:00:00,10771
2021-03-25 20:00:00,10207
2021-03-25 21:00:00,9788
2021-03-25 22:00:00,9967
2021-03-25 23:00:00,9347
2021-03-26 00:00:00,8767
2021-03-26 01:00:00,8457
2021-03-26 02:00:00,8392
2021-03-26 03:00:00,8373
2021-03-26 04:00:00,8675
2021-03-26 05:00:00,9556
2021-03-26 06:00:00,10245
2021-03-26 07:00:00,10587
2021-03-26 08:00:00,10613
2021-03-26 09:00:00,10371
2021-03-26 10:00:00,10112
2021-03-26 11:00:00,10279
2021-03-26 12:00:00,10151
2021-03-26 13:00:00,9825
2021-03-26 14:00:00,9738
2021-03-26 15:00:00,9771
2021-03-26 16:00:00,9855
2021-03-26 17:00:00,10063
2021-03-26 18:00:00,10297
2021-03-26 19:00:00,10240
2021-03-26 20:00:00,9886
2021-03-26 21:00:00,9571
2021-03-26 22:00:00,9607
2021-03-26 23:00:00,8996
2021-03-27 00:00:00,8386
2021-03-27 01:00:00,8075
2021-03-27 02:00:00,7833
2021-03-27 03:00:00,7772
2021-03-27 04:00:00,8012
2021-03-27 05:00:00,8346
2021-03-27 06:00:00,8501
2021-03-27 07:00:00,8722
2021-03-27 08:00:00,9159
2021-03-27 09:00:00,9361
2021-03-27 10:00:00,9245
2021-03-27 11:00:00,9369
2021-03-27 12:00:00,9236
2021-03-27 13:00:00,8664
2021-03-27 14:00:00,8610
2021-03-27 15:00:00,8835
2021-03-27 16:00:00,9132
2021-03-27 17:00:00,9726
2021-03-27 18:00:00,10199
2021-03-27 19:00:00,10152
2021-03-27 20:00:00,9442
2021-03-27 21:00:00,9090
2021-03-27 22:00:00,9070
2021-03-27 23:00:00,8540
2021-03-28 00:00:00,8126
2021-03-28 01:00:00,7807
2021-03-28 02:00:00,7689
2021-03-28 03:00:00,7793
2021-03-28 04:00:00,7975
2021-03-28 05:00:00,8009
2021-03-28 06:00:00,7969
2021-03-28 07:00:00,8293
2021-03-28 08:00:00,8340
2021-03-28 09:00:00,8250
2021-03-28 10:00:00,8431
2021-03-28 11:00:00,8310
2021-03-28 12:00:00,8088
2021-03-28 13:00:00,7737
2021-03-28 14:00:00,7629
2021-03-28 15:00:00,7881
2021-03-28 16:00:00,8500
2021-03-28 17:00:00,9105
2021-03-28 18:00:00,9309
2021-03-28 19:00:00,9450
2021-03-28 20:00:00,9047
2021-03-28 21:00:00,9084
2021-03-28 22:00:00,8405
2021-03-28 23:00:00,7931
2021-03-29 00:00:00,7343
2021-03-29 01:00:00,7119
2021-03-29 02:00:00,7209
2021-03-29 03:00:00,7602
2021-03-29 04:00:00,8350
2021-03-29 05:00:00,9119
2021-03-29 06:00:00,9399
2021-03-29 07:00:00,9692
2021-03-29 08:00:00,9531
2021-03-29 09:00:00,9384
2021-03-29 10:00:00,9214
2021-03-29 11:00:00,8920
2021-03-29 12:00:00,8614
2021-03-29 13:00:00,8461
2021-03-29 14:00:00,8275
2021-03-29 15:00:00,8278
2021-03-29 16:00:00,8656
2021-03-29 17:00:00,8923
2021-03-29 18:00:00,9011
2021-03-29 19:00:00,9053
2021-03-29 20:00:00,8716
2021-03-29 21:00:00,8714
2021-03-29 22:00:00,8147
2021-03-29 23:00:00,7702
2021-03-30 00:00:00,7432
2021-03-30 01:00:00,7280
2021-03-30 02:00:00,7470
2021-03-30 03:00:00,8010
2021-03-30 04:00:00,8862
2021-03-30 05:00:00,9838
2021-03-30 06:00:00,10209
2021-03-30 07:00:00,10387
2021-03-30 08:00:00,10182
2021-03-30 09:00:00,10099
2021-03-30 10:00:00,9925
2021-03-30 11:00:00,9648
2021-03-30 12:00:00,9463
2021-03-30 13:00:00,9304
2021-03-30 14:00:00,9237
2021-03-30 15:00:00,9351
2021-03-30 16:00:00,9631
2021-03-30 17:00:00,9794
2021-03-30 18:00:00,9891
2021-03-30 19:00:00,9914
2021-03-30 20:00:00,9581
2021-03-30 21:00:00,9542
2021-03-30 22:00:00,8958
2021-03-30 23:00:00,8584
2021-03-31 00:00:00,8272
2021-03-31 01:00:00,8055
2021-03-31 02:00:00,8093
2021-03-31 03:00:00,8373
2021-03-31 04:00:00,9304
2021-03-31 05:00:00,10141
2021-03-31 06:00:00,10352
2021-03-31 07:00:00,10304
2021-03-31 08:00:00,10255
2021-03-31 09:00:00,10224
2021-03-31 10:00:00,10066
2021-03-31 11:00:00,10149
2021-03-31 12:00:00,9703
2021-03-31 13:00:00,9640
2021-03-31 14:00:00,9531
2021-03-31 15:00:00,9542
2021-03-31 16:00:00,9778
2021-03-31 17:00:00,9985
2021-03-31 18:00:00,9991
2021-03-31 19:00:00,9991
2021-03-31 20:00:00,9644
2021-03-31 21:00:00,9566
2021-03-31 22:00:00,8927
2021-03-31 23:00:00,8433
2021-04-01 00:00:00,7976
2021-04-01 01:00:00,7908
2021-04-01 02:00:00,7910
2021-04-01 03:00:00,8198
2021-04-01 04:00:00,8939
2021-04-01 05:00:00,9858
2021-04-01 06:00:00,10293
2021-04-01 07:00:00,10447
2021-04-01 08:00:00,10461
2021-04-01 09:00:00,10343
2021-04-01 10:00:00,10262
2021-04-01 11:00:00,10137
2021-04-01 12:00:00,9772
2021-04-01 13:00:00,9682
2021-04-01 14:00:00,9533
2021-04-01 15:00:00,9693
2021-04-01 16:00:00,9972
2021-04-01 17:00:00,10069
2021-04-01 18:00:00,9981
2021-04-01 19:00:00,10033
2021-04-01 20:00:00,9699
2021-04-01 21:00:00,9602
2021-04-01 22:00:00,9052
2021-04-01 23:00:00,8666
2021-04-02 00:00:00,8298
2021-04-02 01:00:00,8177
2021-04-02 02:00:00,8222
2021-04-02 03:00:00,8716
2021-04-02 04:00:00,9237
2021-04-02 05:00:00,9878
2021-04-02 06:00:00,10354
2021-04-02 07:00:00,10673
2021-04-02 08:00:00,10483
2021-04-02 09:00:00,10644
2021-04-02 10:00:00,10512
2021-04-02 11:00:00,10225
2021-04-02 12:00:00,10059
2021-04-02 13:00:00,9683
2021-04-02 14:00:00,9658
2021-04-02 15:00:00,9659
2021-04-02 16:00:00,10018
2021-04-02 17:00:00,9876
2021-04-02 18:00:00,10076
2021-04-02 19:00:00,10035
2021-04-02 20:00:00,9541
2021-04-02 21:00:00,9751
2021-04-02 22:00:00,9317
2021-04-02 23:00:00,8748
2021-04-03 00:00:00,8400
2021-04-03 01:00:00,8085
2021-04-03 02:00:00,7840
2021-04-03 03:00:00,7997
2021-04-03 04:00:00,8263
2021-04-03 05:00:00,8548
2021-04-03 06:00:00,8846
2021-04-03 07:00:00,9335
2021-04-03 08:00:00,9690
2021-04-03 09:00:00,9815
2021-04-03 10:00:00,9948
2021-04-03 11:00:00,9330
2021-04-03 12:00:00,8911
2021-04-03 13:00:00,8666
2021-04-03 14:00:00,8573
2021-04-03 15:00:00,8558
2021-04-03 16:00:00,9081
2021-04-03 17:00:00,9049
2021-04-03 18:00:00,9007
2021-04-03 19:00:00,9222
2021-04-03 20:00:00,8878
2021-04-03 21:00:00,8961
2021-04-03 22:00:00,8603
2021-04-03 23:00:00,8175
2021-04-04 00:00:00,7932
2021-04-04 01:00:00,7736
2021-04-04 02:00:00,7649
2021-04-04 03:00:00,7803
2021-04-04 04:00:00,8072
2021-04-04 05:00:00,7989
2021-04-04 06:00:00,8396
2021-04-04 07:00:00,8890
2021-04-04 08:00:00,9215
2021-04-04 09:00:00,9395
2021-04-04 10:00:00,9569
2021-04-04 11:00:00,9247
2021-04-04 12:00:00,8766
2021-04-04 13:00:00,8390
2021-04-04 14:00:00,8027
2021-04-04 15:00:00,8050
2021-04-04 16:00:00,8512
2021-04-04 17:00:00,8788
2021-04-04 18:00:00,9023
2021-04-04 19:00:00,9218
2021-04-04 20:00:00,8897
2021-04-04 21:00:00,8967
2021-04-04 22:00:00,8497
2021-04-04 23:00:00,8106
2021-04-05 00:00:00,7730
2021-04-05 01:00:00,7588
2021-04-05 02:00:00,7462
2021-04-05 03:00:00,7800
2021-04-05 04:00:00,7927
2021-04-05 05:00:00,8078
2021-04-05 06:00:00,8194
2021-04-05 07:00:00,8775
2021-04-05 08:00:00,9093
2021-04-05 09:00:00,9592
2021-04-05 10:00:00,9807
2021-04-05 11:00:00,9368
2021-04-05 12:00:00,8936
2021-04-05 13:00:00,8588
2021-04-05 14:00:00,8381
2021-04-05 15:00:00,8970
2021-04-05 16:00:00,9813
2021-04-05 17:00:00,9753
2021-04-05 18:00:00,9697
2021-04-05 19:00:00,9803
2021-04-05 20:00:00,9520
2021-04-05 21:00:00,9904
2021-04-05 22:00:00,9602
2021-04-05 23:00:00,9104
2021-04-06 00:00:00,8790
2021-04-06 01:00:00,8404
2021-04-06 02:00:00,8592
2021-04-06 03:00:00,8977
2021-04-06 04:00:00,9712
2021-04-06 05:00:00,10214
2021-04-06 06:00:00,10745
2021-04-06 07:00:00,11356
2021-04-06 08:00:00,11513
2021-04-06 09:00:00,11449
2021-04-06 10:00:00,11626
2021-04-06 11:00:00,11377
2021-04-06 12:00:00,10942
2021-04-06 13:00:00,11135
2021-04-06 14:00:00,11156
2021-04-06 15:00:00,11443
2021-04-06 16:00:00,11554
2021-04-06 17:00:00,11917
2021-04-06 18:00:00,11514
2021-04-06 19:00:00,11254
2021-04-06 20:00:00,10832
2021-04-06 21:00:00,11072
2021-04-06 22:00:00,10678
2021-04-06 23:00:00,10109
2021-04-07 00:00:00,9680
2021-04-07 01:00:00,9604
2021-04-07 02:00:00,9595
2021-04-07 03:00:00,9940
2021-04-07 04:00:00,10679
2021-04-07 05:00:00,11176
2021-04-07 06:00:00,11984
2021-04-07 07:00:00,12318
2021-04-07 08:00:00,12461
2021-04-07 09:00:00,12209
2021-04-07 10:00:00,12111
2021-04-07 11:00:00,11632
2021-04-07 12:00:00,11179
2021-04-07 13:00:00,10925
2021-04-07 14:00:00,10767
2021-04-07 15:00:00,10752
2021-04-07 16:00:00,11129
2021-04-07 17:00:00,11100
2021-04-07 18:00:00,10889
2021-04-07 19:00:00,10767
2021-04-07 20:00:00,10485
2021-04-07 21:00:00,10718
2021-04-07 22:00:00,10179
2021-04-07 23:00:00,9718
2021-04-08 00:00:00,9253
2021-04-08 01:00:00,9040
2021-04-08 02:00:00,9003
2021-04-08 03:00:00,9181
2021-04-08 04:00:00,9908
2021-04-08 05:00:00,10386
2021-04-08 06:00:00,10935
2021-04-08 07:00:00,11260
2021-04-08 08:00:00,11353
2021-04-08 09:00:00,11213
2021-04-08 10:00:00,11107
2021-04-08 11:00:00,10842
2021-04-08 12:00:00,10392
2021-04-08 13:00:00,10209
2021-04-08 14:00:00,9958
2021-04-08 15:00:00,9949
2021-04-08 16:00:00,10339
2021-04-08 17:00:00,10678
2021-04-08 18:00:00,10731
2021-04-08 19:00:00,10628
2021-04-08 20:00:00,10284
2021-04-08 21:00:00,10423
2021-04-08 22:00:00,10028
2021-04-08 23:00:00,9593
2021-04-09 00:00:00,9066
2021-04-09 01:00:00,8818
2021-04-09 02:00:00,8829
2021-04-09 03:00:00,9082
2021-04-09 04:00:00,9911
2021-04-09 05:00:00,10315
2021-04-09 06:00:00,10927
2021-04-09 07:00:00,10990
2021-04-09 08:00:00,10947
2021-04-09 09:00:00,10763
2021-04-09 10:00:00,10737
2021-04-09 11:00:00,10385
2021-04-09 12:00:00,10023
2021-04-09 13:00:00,10057
2021-04-09 14:00:00,10007
2021-04-09 15:00:00,9982
2021-04-09 16:00:00,10316
2021-04-09 17:00:00,10359
2021-04-09 18:00:00,10266
2021-04-09 19:00:00,10266
2021-04-09 20:00:00,9926
2021-04-09 21:00:00,10022
2021-04-09 22:00:00,9638
2021-04-09 23:00:00,9101
2021-04-10 00:00:00,8616
2021-04-10 01:00:00,8309
2021-04-10 02:00:00,8322
2021-04-10 03:00:00,8380
2021-04-10 04:00:00,8555
2021-04-10 05:00:00,8687
2021-04-10 06:00:00,9047
2021-04-10 07:00:00,9706
2021-04-10 08:00:00,10221
2021-04-10 09:00:00,10445
2021-04-10 10:00:00,10586
2021-04-10 11:00:00,10521
2021-04-10 12:00:00,10195
2021-04-10 13:00:00,10379
2021-04-10 14:00:00,10280
2021-04-10 15:00:00,10296
2021-04-10 16:00:00,10434
2021-04-10 17:00:00,10424
2021-04-10 18:00:00,9800
2021-04-10 19:00:00,10221
2021-04-10 20:00:00,9891
2021-04-10 21:00:00,9955
2021-04-10 22:00:00,9604
2021-04-10 23:00:00,8710
2021-04-11 00:00:00,8181
2021-04-11 01:00:00,8012
2021-04-11 02:00:00,7941
2021-04-11 03:00:00,7948
2021-04-11 04:00:00,8138
2021-04-11 05:00:00,8063
2021-04-11 06:00:00,8570
2021-04-11 07:00:00,8991
2021-04-11 08:00:00,9344
2021-04-11 09:00:00,9510
2021-04-11 10:00:00,10058
2021-04-11 11:00:00,9586
2021-04-11 12:00:00,9088
2021-04-11 13:00:00,8943
2021-04-11 14:00:00,8700
2021-04-11 15:00:00,8628
2021-04-11 16:00:00,9153
2021-04-11 17:00:00,9299
2021-04-11 18:00:00,9491
2021-04-11 19:00:00,9756
2021-04-11 20:00:00,9411
2021-04-11 21:00:00,9647
2021-04-11 22:00:00,9065
2021-04-11 23:00:00,8762
2021-04-12 00:00:00,8544
2021-04-12 01:00:00,8228
2021-04-12 02:00:00,8331
2021-04-12 03:00:00,8625
2021-04-12 04:00:00,9577
2021-04-12 05:00:00,10214
2021-04-12 06:00:00,10890
2021-04-12 07:00:00,11083
2021-04-12 08:00:00,11038
2021-04-12 09:00:00,10806
2021-04-12 10:00:00,11331
2021-04-12 11:00:00,11080
2021-04-12 12:00:00,10766
2021-04-12 13:00:00,11083
2021-04-12 14:00:00,10691
2021-04-12 15:00:00,10825
2021-04-12 16:00:00,10798
2021-04-12 17:00:00,10805
2021-04-12 18:00:00,10627
2021-04-12 19:00:00,10670
2021-04-12 20:00:00,10347
2021-04-12 21:00:00,10592
2021-04-12 22:00:00,9980
2021-04-12 23:00:00,9571
2021-04-13 00:00:00,9066
2021-04-13 01:00:00,8931
2021-04-13 02:00:00,9031
2021-04-13 03:00:00,9403
2021-04-13 04:00:00,10084
2021-04-13 05:00:00,10694
2021-04-13 06:00:00,11171
2021-04-13 07:00:00,11143
2021-04-13 08:00:00,11004
2021-04-13 09:00:00,10969
2021-04-13 10:00:00,11135
2021-04-13 11:00:00,10728
2021-04-13 12:00:00,10488
2021-04-13 13:00:00,10443
2021-04-13 14:00:00,10548
2021-04-13 15:00:00,10600
2021-04-13 16:00:00,10706
2021-04-13 17:00:00,10803
2021-04-13 18:00:00,10729
2021-04-13 19:00:00,10552
2021-04-13 20:00:00,10377
2021-04-13 21:00:00,10566
2021-04-13 22:00:00,9986
2021-04-13 23:00:00,9480
2021-04-14 00:00:00,9023
2021-04-14 01:00:00,8936
2021-04-14 02:00:00,8938
2021-04-14 03:00:00,9278
2021-04-14 04:00:00,10058
2021-04-14 05:00:00,10522
2021-04-14 06:00:00,11092
2021-04-14 07:00:00,11199
2021-04-14 08:00:00,11136
2021-04-14 09:00:00,10899
2021-04-14 10:00:00,11129
2021-04-14 11:00:00,10866
2021-04-14 12:00:00,10419
2021-04-14 13:00:00,10385
2021-04-14 14:00:00,10330
2021-04-14 15:00:00,10350
2021-04-14 16:00:00,10506
2021-04-14 17:00:00,10603
2021-04-14 18:00:00,10632
2021-04-14 19:00:00,10514
2021-04-14 20:00:00,10157
2021-04-14 21:00:00,10279
2021-04-14 22:00:00,9791
2021-04-14 23:00:00,9410
2021-04-15 00:00:00,9023
2021-04-15 01:00:00,8771
2021-04-15 02:00:00,8945
2021-04-15 03:00:00,9304
2021-04-15 04:00:00,9986
2021-04-15 05:00:00,10407
2021-04-15 06:00:00,11043
2021-04-15 07:00:00,10997
2021-04-15 08:00:00,10932
2021-04-15 09:00:00,11123
2021-04-15 10:00:00,10931
2021-04-15 11:00:00,10937
2021-04-15 12:00:00,10714
2021-04-15 13:00:00,10411
2021-04-15 14:00:00,10441
2021-04-15 15:00:00,10337
2021-04-15 16:00:00,10749
2021-04-15 17:00:00,10803
2021-04-15 18:00:00,10666
2021-04-15 19:00:00,10488
2021-04-15 20:00:00,10192
2021-04-15 21:00:00,10294
2021-04-15 22:00:00,9842
2021-04-15 23:00:00,9284
2021-04-16 00:00:00,9000
2021-04-16 01:00:00,8778
2021-04-16 02:00:00,9021
2021-04-16 03:00:00,9221
2021-04-16 04:00:00,9823
2021-04-16 05:00:00,10346
2021-04-16 06:00:00,10908
2021-04-16 07:00:00,11094
2021-04-16 08:00:00,11083
2021-04-16 09:00:00,10926
2021-04-16 10:00:00,10696
2021-04-16 11:00:00,10670
2021-04-16 12:00:00,10546
2021-04-16 13:00:00,10381
2021-04-16 14:00:00,10267
2021-04-16 15:00:00,10220
2021-04-16 16:00:00,10155
2021-04-16 17:00:00,10147
2021-04-16 18:00:00,10008
2021-04-16 19:00:00,9943
2021-04-16 20:00:00,9869
2021-04-16 21:00:00,9937
2021-04-16 22:00:00,9402
2021-04-16 23:00:00,8947
2021-04-17 00:00:00,8491
2021-04-17 01:00:00,8217
2021-04-17 02:00:00,8245
2021-04-17 03:00:00,8279
2021-04-17 04:00:00,8455
2021-04-17 05:00:00,8489
2021-04-17 06:00:00,8806
2021-04-17 07:00:00,9242
2021-04-17 08:00:00,9292
2021-04-17 09:00:00,9138
2021-04-17 10:00:00,9146
2021-04-17 11:00:00,9129
2021-04-17 12:00:00,8707
2021-04-17 13:00:00,8456
2021-04-17 14:00:00,8375
2021-04-17 15:00:00,8453
2021-04-17 16:00:00,8836
2021-04-17 17:00:00,8993
2021-04-17 18:00:00,9195
2021-04-17 19:00:00,9336
2021-04-17 20:00:00,9029
2021-04-17 21:00:00,9124
2021-04-17 22:00:00,8634
2021-04-17 23:00:00,8208
2021-04-18 00:00:00,7933
2021-04-18 01:00:00,7874
2021-04-18 02:00:00,7786
2021-04-18 03:00:00,7893
2021-04-18 04:00:00,8180
2021-04-18 05:00:00,8085
2021-04-18 06:00:00,8249
2021-04-18 07:00:00,8556
2021-04-18 08:00:00,8665
2021-04-18 09:00:00,8616
2021-04-18 10:00:00,8692
2021-04-18 11:00:00,8470
2021-04-18 12:00:00,7993
2021-04-18 13:00:00,7967
2021-04-18 14:00:00,7851
2021-04-18 15:00:00,8075
2021-04-18 16:00:00,8639
2021-04-18 17:00:00,8962
2021-04-18 18:00:00,9287
2021-04-18 19:00:00,9277
2021-04-18 20:00:00,9022
2021-04-18 21:00:00,9183
2021-04-18 22:00:00,8671
2021-04-18 23:00:00,8280
2021-04-19 00:00:00,7949
2021-04-19 01:00:00,7832
2021-04-19 02:00:00,8003
2021-04-19 03:00:00,8394
2021-04-19 04:00:00,9266
2021-04-19 05:00:00,10008
2021-04-19 06:00:00,10634
2021-04-19 07:00:00,10904
2021-04-19 08:00:00,10795
2021-04-19 09:00:00,10591
2021-04-19 10:00:00,10370
2021-04-19 11:00:00,10094
2021-04-19 12:00:00,10147
2021-04-19 13:00:00,10272
2021-04-19 14:00:00,10040
2021-04-19 15:00:00,10247
2021-04-19 16:00:00,10368
2021-04-19 17:00:00,10304
2021-04-19 18:00:00,10191
2021-04-19 19:00:00,10126
2021-04-19 20:00:00,9823
2021-04-19 21:00:00,9832
2021-04-19 22:00:00,9236
2021-04-19 23:00:00,8807
2021-04-20 00:00:00,8402
2021-04-20 01:00:00,8270
2021-04-20 02:00:00,8374
2021-04-20 03:00:00,8696
2021-04-20 04:00:00,9534
2021-04-20 05:00:00,10251
2021-04-20 06:00:00,10716
2021-04-20 07:00:00,10766
2021-04-20 08:00:00,10575
2021-04-20 09:00:00,10528
2021-04-20 10:00:00,10370
2021-04-20 11:00:00,10209
2021-04-20 12:00:00,10170
2021-04-20 13:00:00,10105
2021-04-20 14:00:00,9850
2021-04-20 15:00:00,10012
2021-04-20 16:00:00,10305
2021-04-20 17:00:00,10286
2021-04-20 18:00:00,10144
2021-04-20 19:00:00,9993
2021-04-20 20:00:00,9725
2021-04-20 21:00:00,9701
2021-04-20 22:00:00,9106
2021-04-20 23:00:00,8510
2021-04-21 00:00:00,8264
2021-04-21 01:00:00,8119
2021-04-21 02:00:00,8254
2021-04-21 03:00:00,8433
2021-04-21 04:00:00,9309
2021-04-21 05:00:00,9921
2021-04-21 06:00:00,10393
2021-04-21 07:00:00,10549
2021-04-21 08:00:00,10371
2021-04-21 09:00:00,10263
2021-04-21 10:00:00,10127
2021-04-21 11:00:00,10052
2021-04-21 12:00:00,9984
2021-04-21 13:00:00,9856
2021-04-21 14:00:00,9492
2021-04-21 15:00:00,9882
2021-04-21 16:00:00,10015
2021-04-21 17:00:00,10070
2021-04-21 18:00:00,9859
2021-04-21 19:00:00,9917
2021-04-21 20:00:00,9716
2021-04-21 21:00:00,9851
2021-04-21 22:00:00,9286
2021-04-21 23:00:00,8696
2021-04-22 00:00:00,8315
2021-04-22 01:00:00,8320
2021-04-22 02:00:00,8467
2021-04-22 03:00:00,8751
2021-04-22 04:00:00,9541
2021-04-22 05:00:00,10328
2021-04-22 06:00:00,10505
2021-04-22 07:00:00,10604
2021-04-22 08:00:00,10359
2021-04-22 09:00:00,10346
2021-04-22 10:00:00,10130
2021-04-22 11:00:00,9996
2021-04-22 12:00:00,9638
2021-04-22 13:00:00,9690
2021-04-22 14:00:00,9415
2021-04-22 15:00:00,9649
2021-04-22 16:00:00,9912
2021-04-22 17:00:00,9997
2021-04-22 18:00:00,9984
2021-04-22 19:00:00,10041
2021-04-22 20:00:00,9863
2021-04-22 21:00:00,9846
2021-04-22 22:00:00,9173
2021-04-22 23:00:00,8964
2021-04-23 00:00:00,8659
2021-04-23 01:00:00,8439
2021-04-23 02:00:00,8570
2021-04-23 03:00:00,8950
2021-04-23 04:00:00,9603
2021-04-23 05:00:00,10210
2021-04-23 06:00:00,10491
2021-04-23 07:00:00,10643
2021-04-23 08:00:00,10439
2021-04-23 09:00:00,10391
2021-04-23 10:00:00,10297
2021-04-23 11:00:00,10029
2021-04-23 12:00:00,9723
2021-04-23 13:00:00,9663
2021-04-23 14:00:00,9421
2021-04-23 15:00:00,9611
2021-04-23 16:00:00,9803
2021-04-23 17:00:00,9909
2021-04-23 18:00:00,9877
2021-04-23 19:00:00,9742
2021-04-23 20:00:00,9649
2021-04-23 21:00:00,9783
2021-04-23 22:00:00,9133
2021-04-23 23:00:00,8535
2021-04-24 00:00:00,8170
2021-04-24 01:00:00,8126
2021-04-24 02:00:00,8094
2021-04-24 03:00:00,8035
2021-04-24 04:00:00,8396
2021-04-24 05:00:00,8488
2021-04-24 06:00:00,8919
2021-04-24 07:00:00,9184
2021-04-24 08:00:00,9246
2021-04-24 09:00:00,9290
2021-04-24 10:00:00,9120
2021-04-24 11:00:00,8732
2021-04-24 12:00:00,8422
2021-04-24 13:00:00,8222
2021-04-24 14:00:00,8234
2021-04-24 15:00:00,8333
2021-04-24 16:00:00,8814
2021-04-24 17:00:00,9040
2021-04-24 18:00:00,9007
2021-04-24 19:00:00,9164
2021-04-24 20:00:00,9083
2021-04-24 21:00:00,9115
2021-04-24 22:00:00,8714
2021-04-24 23:00:00,8120
2021-04-25 00:00:00,7944
2021-04-25 01:00:00,7673
2021-04-25 02:00:00,7591
2021-04-25 03:00:00,7835
2021-04-25 04:00:00,7986
2021-04-25 05:00:00,8019
2021-04-25 06:00:00,8253
2021-04-25 07:00:00,8528
2021-04-25 08:00:00,8662
2021-04-25 09:00:00,8666
2021-04-25 10:00:00,8944
2021-04-25 11:00:00,8521
2021-04-25 12:00:00,8077
2021-04-25 13:00:00,7938
2021-04-25 14:00:00,7718
2021-04-25 15:00:00,7996
2021-04-25 16:00:00,8590
2021-04-25 17:00:00,9047
2021-04-25 18:00:00,9093
2021-04-25 19:00:00,9040
2021-04-25 20:00:00,9118
2021-04-25 21:00:00,9129
2021-04-25 22:00:00,8610
2021-04-25 23:00:00,8194
2021-04-26 00:00:00,7949
2021-04-26 01:00:00,7717
2021-04-26 02:00:00,7854
2021-04-26 03:00:00,8305
2021-04-26 04:00:00,9048
2021-04-26 05:00:00,10045
2021-04-26 06:00:00,10377
2021-04-26 07:00:00,10635
2021-04-26 08:00:00,10518
2021-04-26 09:00:00,10281
2021-04-26 10:00:00,10147
2021-04-26 11:00:00,10008
2021-04-26 12:00:00,9660
2021-04-26 13:00:00,9477
2021-04-26 14:00:00,9390
2021-04-26 15:00:00,9567
2021-04-26 16:00:00,10051
2021-04-26 17:00:00,10229
2021-04-26 18:00:00,10283
2021-04-26 19:00:00,10036
2021-04-26 20:00:00,9831
2021-04-26 21:00:00,9757
2021-04-26 22:00:00,9319
2021-04-26 23:00:00,8830
2021-04-27 00:00:00,8377
2021-04-27 01:00:00,8221
2021-04-27 02:00:00,8301
2021-04-27 03:00:00,8685
2021-04-27 04:00:00,9438
2021-04-27 05:00:00,10013
2021-04-27 06:00:00,10413
2021-04-27 07:00:00,10614
2021-04-27 08:00:00,10464
2021-04-27 09:00:00,10334
2021-04-27 10:00:00,10073
2021-04-27 11:00:00,9973
2021-04-27 12:00:00,9808
2021-04-27 13:00:00,9631
2021-04-27 14:00:00,9727
2021-04-27 15:00:00,9780
2021-04-27 16:00:00,10040
2021-04-27 17:00:00,10185
2021-04-27 18:00:00,9985
2021-04-27 19:00:00,9920
2021-04-27 20:00:00,9856
2021-04-27 21:00:00,9717
2021-04-27 22:00:00,9002
2021-04-27 23:00:00,8529
2021-04-28 00:00:00,8169
2021-04-28 01:00:00,7988
2021-04-28 02:00:00,8148
2021-04-28 03:00:00,8439
2021-04-28 04:00:00,9317
2021-04-28 05:00:00,10027
2021-04-28 06:00:00,10436
2021-04-28 07:00:00,10597
2021-04-28 08:00:00,10301
2021-04-28 09:00:00,10210
2021-04-28 10:00:00,10061
2021-04-28 11:00:00,9943
2021-04-28 12:00:00,9791
2021-04-28 13:00:00,9725
2021-04-28 14:00:00,9678
2021-04-28 15:00:00,9743
2021-04-28 16:00:00,10073
2021-04-28 17:00:00,10263
2021-04-28 18:00:00,10109
2021-04-28 19:00:00,9850
2021-04-28 20:00:00,9727
2021-04-28 21:00:00,9470
2021-04-28 22:00:00,9092
2021-04-28 23:00:00,8719
2021-04-29 00:00:00,8243
2021-04-29 01:00:00,7971
2021-04-29 02:00:00,8264
2021-04-29 03:00:00,8640
2021-04-29 04:00:00,9223
2021-04-29 05:00:00,10003
2021-04-29 06:00:00,10502
2021-04-29 07:00:00,11011
2021-04-29 08:00:00,10773
2021-04-29 09:00:00,10842
2021-04-29 10:00:00,10851
2021-04-29 11:00:00,10827
2021-04-29 12:00:00,10580
2021-04-29 13:00:00,10513
2021-04-29 14:00:00,10143
2021-04-29 15:00:00,10256
2021-04-29 16:00:00,10434
2021-04-29 17:00:00,10304
2021-04-29 18:00:00,10144
2021-04-29 19:00:00,10115
2021-04-29 20:00:00,10007
2021-04-29 21:00:00,9995
2021-04-29 22:00:00,9387
2021-04-29 23:00:00,8876
2021-04-30 00:00:00,8629
2021-04-30 01:00:00,8542
2021-04-30 02:00:00,8505
2021-04-30 03:00:00,8734
2021-04-30 04:00:00,9448
2021-04-30 05:00:00,10119
2021-04-30 06:00:00,10533
2021-04-30 07:00:00,10681
2021-04-30 08:00:00,10101
2021-04-30 09:00:00,9792
2021-04-30 10:00:00,9451
2021-04-30 11:00:00,9250
2021-04-30 12:00:00,9071
2021-04-30 13:00:00,9046
2021-04-30 14:00:00,8771
2021-04-30 15:00:00,8818
2021-04-30 16:00:00,8909
2021-04-30 17:00:00,8952
2021-04-30 18:00:00,8820
2021-04-30 19:00:00,8712
2021-04-30 20:00:00,8598
2021-04-30 21:00:00,8654
2021-04-30 22:00:00,7995
2021-04-30 23:00:00,7491
2021-05-01 00:00:00,7181
2021-05-01 01:00:00,6944
2021-05-01 02:00:00,6905
2021-05-01 03:00:00,6980
2021-05-01 04:00:00,7090
2021-05-01 05:00:00,7219
2021-05-01 06:00:00,7379
2021-05-01 07:00:00,7657
2021-05-01 08:00:00,7686
2021-05-01 09:00:00,7572
2021-05-01 10:00:00,7751
2021-05-01 11:00:00,7604
2021-05-01 12:00:00,7404
2021-05-01 13:00:00,7286
2021-05-01 14:00:00,7157
2021-05-01 15:00:00,7456
2021-05-01 16:00:00,7816
2021-05-01 17:00:00,7828
2021-05-01 18:00:00,7861
2021-05-01 19:00:00,7927
2021-05-01 20:00:00,7931
2021-05-01 21:00:00,7969
2021-05-01 22:00:00,7710
2021-05-01 23:00:00,7155
2021-05-02 00:00:00,6921
2021-05-02 01:00:00,6663
2021-05-02 02:00:00,6680
2021-05-02 03:00:00,6772
2021-05-02 04:00:00,6817
2021-05-02 05:00:00,6812
2021-05-02 06:00:00,7007
2021-05-02 07:00:00,7422
2021-05-02 08:00:00,7746
2021-05-02 09:00:00,7652
2021-05-02 10:00:00,7964
2021-05-02 11:00:00,7739
2021-05-02 12:00:00,7301
2021-05-02 13:00:00,7139
2021-05-02 14:00:00,7126
2021-05-02 15:00:00,7170
2021-05-02 16:00:00,7832
2021-05-02 17:00:00,8038
2021-05-02 18:00:00,8137
2021-05-02 19:00:00,8121
2021-05-02 20:00:00,8077
2021-05-02 21:00:00,8274
2021-05-02 22:00:00,7780
2021-05-02 23:00:00,7440
2021-05-03 00:00:00,7069
2021-05-03 01:00:00,6918
2021-05-03 02:00:00,6864
2021-05-03 03:00:00,7071
2021-05-03 04:00:00,7831
2021-05-03 05:00:00,8624
2021-05-03 06:00:00,9124
2021-05-03 07:00:00,9471
2021-05-03 08:00:00,9366
2021-05-03 09:00:00,9261
2021-05-03 10:00:00,9178
2021-05-03 11:00:00,9087
2021-05-03 12:00:00,8843
2021-05-03 13:00:00,8750
2021-05-03 14:00:00,8675
2021-05-03 15:00:00,8817
2021-05-03 16:00:00,9210
2021-05-03 17:00:00,9130
2021-05-03 18:00:00,8938
2021-05-03 19:00:00,8619
2021-05-03 20:00:00,8616
2021-05-03 21:00:00,8754
2021-05-03 22:00:00,7997
2021-05-03 23:00:00,7455
2021-05-04 00:00:00,7132
2021-05-04 01:00:00,7142
2021-05-04 02:00:00,7106
2021-05-04 03:00:00,7428
2021-05-04 04:00:00,8078
2021-05-04 05:00:00,8940
2021-05-04 06:00:00,9511
2021-05-04 07:00:00,9945
2021-05-04 08:00:00,9922
2021-05-04 09:00:00,9915
2021-05-04 10:00:00,9914
2021-05-04 11:00:00,10615
2021-05-04 12:00:00,10368
2021-05-04 13:00:00,10140
2021-05-04 14:00:00,10099
2021-05-04 15:00:00,10135
2021-05-04 16:00:00,10476
2021-05-04 17:00:00,10393
2021-05-04 18:00:00,10357
2021-05-04 19:00:00,10113
2021-05-04 20:00:00,9882
2021-05-04 21:00:00,10015
2021-05-04 22:00:00,9235
2021-05-04 23:00:00,8518
2021-05-05 00:00:00,8344
2021-05-05 01:00:00,8191
2021-05-05 02:00:00,8246
2021-05-05 03:00:00,8426
2021-05-05 04:00:00,9075
2021-05-05 05:00:00,9986
2021-05-05 06:00:00,10694
2021-05-05 07:00:00,10904
2021-05-05 08:00:00,10920
2021-05-05 09:00:00,10767
2021-05-05 10:00:00,10842
2021-05-05 11:00:00,10588
2021-05-05 12:00:00,10480
2021-05-05 13:00:00,10434
2021-05-05 14:00:00,10273
2021-05-05 15:00:00,10521
2021-05-05 16:00:00,10568
2021-05-05 17:00:00,10638
2021-05-05 18:00:00,10464
2021-05-05 19:00:00,10377
2021-05-05 20:00:00,10392
2021-05-05 21:00:00,10305
2021-05-05 22:00:00,9412
2021-05-05 23:00:00,8969
2021-05-06 00:00:00,8547
2021-05-06 01:00:00,8477
2021-05-06 02:00:00,8278
2021-05-06 03:00:00,8741
2021-05-06 04:00:00,9277
2021-05-06 05:00:00,10106
2021-05-06 06:00:00,10362
2021-05-06 07:00:00,10585
2021-05-06 08:00:00,10513
2021-05-06 09:00:00,10609
2021-05-06 10:00:00,10852
2021-05-06 11:00:00,10693
2021-05-06 12:00:00,10506
2021-05-06 13:00:00,10525
2021-05-06 14:00:00,10512
2021-05-06 15:00:00,10372
2021-05-06 16:00:00,10795
2021-05-06 17:00:00,10803
2021-05-06 18:00:00,10515
2021-05-06 19:00:00,10188
2021-05-06 20:00:00,10046
2021-05-06 21:00:00,10045
2021-05-06 22:00:00,9315
2021-05-06 23:00:00,8965
2021-05-07 00:00:00,8529
2021-05-07 01:00:00,8481
2021-05-07 02:00:00,8414
2021-05-07 03:00:00,8527
2021-05-07 04:00:00,9010
2021-05-07 05:00:00,10047
2021-05-07 06:00:00,10453
2021-05-07 07:00:00,10693
2021-05-07 08:00:00,10653
2021-05-07 09:00:00,10507
2021-05-07 10:00:00,10277
2021-05-07 11:00:00,10183
2021-05-07 12:00:00,9903
